log-StringBuilderChars06-2024_03_19_04_48_50.txt,0
log-StringIndexMethods02-2024_03_19_05_41_01.txt,0
log-BugTestGen095-2024_03_18_16_23_08.txt,0
log-Inheritance1-2024_03_18_19_35_44.txt,0
log-calc-2024_03_18_16_43_16.txt,0
log-StringBuilderCapLen04-2024_03_19_04_11_56.txt,0
log-ExSymExe13-2024_03_18_18_18_19.txt,0
log-InsertionSort-2024_03_18_19_41_10.txt,0
log-exceptions4-2024_03_18_18_01_48.txt,1
log-iarith2-2024_03_18_19_17_24.txt,0
log-StringStartEnd02-2024_03_19_05_47_30.txt,0
log-ExSymExeI2F-2024_03_18_18_26_36.txt,0
log-BugTestGen119-2024_03_18_16_29_52.txt,0
log-double2long-2024_03_18_17_41_36.txt,0
log-exceptions2-2024_03_18_18_00_57.txt,0
log-StringBuilderChars03-2024_03_19_04_35_07.txt,0
log-ClassCastException1-2024_03_18_17_17_49.txt,0
log-lookupswitch1-2024_03_18_20_49_26.txt,1
log-Divs32-2024_03_18_17_22_05.txt,1
log-TokenTest01-2024_03_19_06_00_35.txt,0
log-ExDarko-2024_03_18_18_03_59.txt,0
log-OverapproximationString01-2024_03_19_00_46_09.txt,0
log-ExSymExe1-2024_03_18_18_18_11.txt,0
log-StringConcatenation03-2024_03_19_05_37_00.txt,0
log-StringBuilderChars04-2024_03_19_04_41_51.txt,0
log-StringIndexMethods01-2024_03_19_05_40_30.txt,0
log-ExSymExeF2I-2024_03_18_18_19_48.txt,0
log-StringStartEnd03-2024_03_19_05_48_07.txt,0
log-StringIndexMethods05-2024_03_19_05_43_07.txt,0
log-char1-2024_03_18_16_50_29.txt,1
log-ExSymExe-2024_03_18_18_11_31.txt,0
log-ClassCastException3-2024_03_18_17_18_40.txt,0
log-arraylength1-2024_03_18_14_48_06.txt,1
log-URLDecoder02-2024_03_19_06_06_13.txt,0
log-astore_aload1-2024_03_18_15_19_41.txt,0
log-ExSymExeBool-2024_03_18_18_19_40.txt,0
log-StringContains01-2024_03_19_05_39_23.txt,0
log-ExSymExeArrays-2024_03_18_18_19_38.txt,0
log-radians-2024_03_19_01_50_07.txt,1
log-URLDecoder01-2024_03_19_06_05_52.txt,0
log-catch1-2024_03_18_16_50_10.txt,0
log-StringCompare01-2024_03_19_04_55_35.txt,0
log-StringBuilderCapLen02-2024_03_19_03_58_21.txt,0
log-StringValueOf09-2024_03_19_05_52_37.txt,0
log-CharSequenceToString-2024_03_18_17_07_04.txt,0
log-BellmanFord-2024_03_18_15_26_53.txt,0
log-ArrayWhatNot-2024_03_18_15_02_22.txt,0
log-WBS-2024_03_19_06_08_01.txt,0
log-RegexMatches01-2024_03_19_01_58_44.txt,0
log-ExSymExeFNEG-2024_03_18_18_19_52.txt,0
log-assert3-2024_03_18_15_09_30.txt,0
log-ExLazy-2024_03_18_18_04_37.txt,0
log-Fibonacci-2024_03_18_19_34_37.txt,1
log-StringMiscellaneous02-2024_03_19_05_44_08.txt,0
log-DriverManager-2024_03_18_17_41_48.txt,0
log-recursion2-2024_03_19_01_50_40.txt,1
log-HttpServletRequest-2024_03_18_19_10_06.txt,0
log-HttpSession-2024_03_18_19_16_55.txt,0
log-BinaryTree-2024_03_18_15_43_54.txt,0
log-StringCompare05-2024_03_19_05_19_03.txt,0
log-store_load1-2024_03_19_03_44_09.txt,1
log-ArrayIndexOutOfBoundsException1-2024_03_18_13_59_07.txt,0
log-StringConcatenation01-2024_03_19_05_29_56.txt,0
log-NullPointerException1-2024_03_19_00_18_40.txt,0
log-boundcheck100-2024_03_18_16_01_33.txt,0
log-instanceof7-2024_03_18_20_37_14.txt,1
log-exceptions12-2024_03_18_17_59_06.txt,0
log-StringValueOf06-2024_03_19_05_51_22.txt,0
log-ExSymExeD2L-2024_03_18_18_19_46.txt,0
log-StringValueOf10-2024_03_19_05_53_33.txt,0
log-ExSymExe29-2024_03_18_18_19_24.txt,0
log-virtual_function_unwinding-2024_03_19_06_07_28.txt,0
log-charArray-2024_03_18_16_53_29.txt,0
log-ValidateInput01-2024_03_19_06_06_43.txt,0
log-putfield_getfield1-2024_03_19_01_47_07.txt,1
log-TestLazy-2024_03_19_05_59_54.txt,0
log-StringValueOf08-2024_03_19_05_52_00.txt,0
log-StaticCharMethods02-2024_03_19_02_41_49.txt,0
log-NegativeArraySizeException2-2024_03_19_00_11_58.txt,0
log-instanceof6-2024_03_18_20_36_46.txt,1
log-Float-2024_03_18_19_41_15.txt,1
log-assert6-2024_03_18_15_19_29.txt,1
log-exceptions6-2024_03_18_18_02_25.txt,0
log-cast1-2024_03_18_16_49_58.txt,0
log-StripLeadingAndTrailingQuotes-2024_03_19_05_55_00.txt,0
log-lazyloading4-2024_03_18_20_45_06.txt,0
log-StaticCharMethods03-2024_03_19_02_48_43.txt,0
log-startswith-2024_03_19_02_33_58.txt,1
log-if_expr1-2024_03_18_19_17_46.txt,1
log-StaticCharMethods04-2024_03_19_02_55_32.txt,0
log-putstatic_getstatic1-2024_03_19_01_49_26.txt,1
log-StringMiscellaneous01-2024_03_19_05_43_44.txt,0
log-Connection-2024_03_18_17_20_16.txt,0
log-Addition-2024_03_18_04_10_44.txt,0
log-bitwise1-2024_03_18_15_53_49.txt,1
log-classtest1-2024_03_18_17_20_06.txt,1
log-ExSymExe20-2024_03_18_18_19_13.txt,0
log-StringValueOf03-2024_03_19_05_49_46.txt,0
log-ExSymExe4-2024_03_18_18_19_28.txt,0
log-Trie-2024_03_19_06_02_35.txt,0
log-boundcheck200-2024_03_18_16_01_41.txt,0
log-package1-2024_03_19_01_04_13.txt,1
log-instanceof4-2024_03_18_20_36_05.txt,1
log-exceptions10-2024_03_18_17_58_25.txt,0
log-StringConcatenation04-2024_03_19_05_37_18.txt,0
log-StringBuilderAppend01-2024_03_19_03_44_30.txt,0
log-assert4-2024_03_18_15_09_39.txt,1
log-StringBuilderChars05-2024_03_19_04_42_06.txt,0
log-ExSymExe21-2024_03_18_18_19_15.txt,0
log-StringConcatenation02-2024_03_19_05_36_50.txt,0
log-boolean2-2024_03_18_15_59_43.txt,1
log-list2-2024_03_18_20_47_12.txt,0
log-BufferedReaderReadLine-2024_03_18_16_07_17.txt,0
log-ExGenSymExe-2024_03_18_18_04_25.txt,0
log-StringMiscellaneous03-2024_03_19_05_44_55.txt,0
log-ExSymExe19-2024_03_18_18_19_10.txt,0
log-ClassCastException2-2024_03_18_17_18_04.txt,1
log-ExSymExe3-2024_03_18_18_19_26.txt,0
log-ExSymExe17-2024_03_18_18_19_06.txt,0
log-const1-2024_03_18_17_20_43.txt,1
log-ExException-2024_03_18_18_04_12.txt,0
log-ArithmeticException1-2024_03_18_04_28_07.txt,0
log-StaticCharMethods05-2024_03_19_03_14_21.txt,0
log-ExSymExe16-2024_03_18_18_19_04.txt,0
log-StringValueOf01-2024_03_19_05_48_55.txt,0
log-MinePump-2024_03_18_23_44_17.txt,0
log-assert2-2024_03_18_15_09_20.txt,0
log-ExSymExe26-2024_03_18_18_19_19.txt,0
log-ExSymExeSimple-2024_03_18_18_48_13.txt,0
log-exceptions18-2024_03_18_18_00_37.txt,0
log-instanceof2-2024_03_18_20_33_17.txt,1
log-Primes-2024_03_19_01_07_04.txt,1
log-RegexMatches02-2024_03_19_01_58_47.txt,0
log-ExSymExe28-2024_03_18_18_19_22.txt,0
log-StringContains02-2024_03_19_05_40_04.txt,0
log-ExSymExe15-2024_03_18_18_18_43.txt,0
log-ExSymExeD2I-2024_03_18_18_19_44.txt,0
log-StringConstructors03-2024_03_19_05_37_48.txt,0
log-StringConstructors02-2024_03_19_05_37_39.txt,0
log-ExSymExe9-2024_03_18_18_19_36.txt,0
log-Ackermann-2024_03_18_03_59_24.txt,1
log-SubString01-2024_03_19_05_57_34.txt,0
log-NullPointerException2-2024_03_19_00_25_22.txt,0
log-exceptions16-2024_03_18_18_00_29.txt,0
log-StringBuilderChars01-2024_03_19_04_18_41.txt,0
log-StringConstructors05-2024_03_19_05_38_40.txt,0
log-ExSymExe6-2024_03_18_18_19_31.txt,0
log-exceptions3-2024_03_18_18_01_25.txt,0
log-ExSymExe8-2024_03_18_18_19_35.txt,0
log-StringStartEnd01-2024_03_19_05_46_33.txt,0
log-ExSymExe12-2024_03_18_18_18_17.txt,0
log-instanceof3-2024_03_18_20_33_47.txt,1
log-GCD-2024_03_18_19_41_38.txt,1
log-return1-2024_03_19_01_58_49.txt,1
log-Array2-2024_03_18_13_55_33.txt,1
log-SortedListInsert-2024_03_19_02_23_27.txt,0
log-basic1-2024_03_18_15_26_36.txt,1
log-ExSymExe18-2024_03_18_18_19_08.txt,0
log-enum1-2024_03_18_17_42_16.txt,1
log-ExSymExe10-2024_03_18_18_18_13.txt,0
log-iarith1-2024_03_18_19_17_13.txt,1
log-multinewarray-2024_03_19_00_05_05.txt,0
log-exceptions15-2024_03_18_18_00_08.txt,0
log-shifting3-2024_03_19_02_16_43.txt,0
log-athrow1-2024_03_18_15_19_54.txt,0
log-exceptions9-2024_03_18_18_03_40.txt,0
log-ExSymExe14-2024_03_18_18_18_21.txt,0
log-TokenTest02-2024_03_19_06_01_13.txt,0
log-ExSymExeI2D-2024_03_18_18_26_35.txt,0
log-shifting-2024_03_19_02_04_35.txt,0
log-long1-2024_03_18_20_49_15.txt,0
log-ExSymExeSwitch-2024_03_18_19_34_22.txt,0
log-AlarmOutputs-2024_03_18_04_11_18.txt,0
log-array_iteration01-2024_03_18_14_26_15.txt,0
log-NullPointerException4-2024_03_19_00_39_09.txt,0
log-StringValueOf07-2024_03_19_05_51_39.txt,0
log-BugTestGen1192-2024_03_18_16_36_34.txt,0
log-Mccarthy91-2024_03_18_20_52_49.txt,1
log-ExSymExe2-2024_03_18_18_19_11.txt,0
log-StringBuilderCapLen03-2024_03_19_04_05_05.txt,0
log-NegativeArraySizeException1-2024_03_19_00_05_17.txt,0
log-StaticCharMethods06-2024_03_19_03_43_56.txt,0
log-exceptions1-2024_03_18_17_57_52.txt,0
log-StaticCharMethods01-2024_03_19_02_35_07.txt,0
log-Statement-2024_03_19_02_34_46.txt,0
log-StringIndexMethods04-2024_03_19_05_42_08.txt,0
log-ExMIT-2024_03_18_18_11_18.txt,0
log-StringBuilderChars02-2024_03_19_04_28_08.txt,0
log-ExSymExeLongBytecodes-2024_03_18_18_26_40.txt,0
log-addition01-2024_03_18_04_11_05.txt,0
log-ExSymExe25-2024_03_18_18_19_17.txt,0
log-overloading1-2024_03_19_00_52_50.txt,1
log-MultCommutative-2024_03_18_23_50_58.txt,1
log-ExSymExeSuzette-2024_03_18_18_48_15.txt,1
log-instanceof5-2024_03_18_20_36_26.txt,1
log-StringConstructors01-2024_03_19_05_37_26.txt,0
log-EvenOdd-2024_03_18_17_49_08.txt,1
log-ExSymExe27-2024_03_18_18_19_20.txt,0
log-ExSymExeLCMP-2024_03_18_18_26_38.txt,0
log-ArrayIndexOutOfBoundsException2-2024_03_18_14_08_13.txt,0
log-if_icmp1-2024_03_18_19_21_35.txt,1
log-exceptions14-2024_03_18_17_59_54.txt,1
log-StripLeadingHyphens-2024_03_19_05_56_59.txt,0
log-MergeSortIterative-2024_03_18_20_58_33.txt,0
log-swap1-2024_03_19_05_58_49.txt,0
log-boundcheck30-2024_03_18_16_01_48.txt,1
log-exceptions11-2024_03_18_17_58_48.txt,0
log-Cookie-2024_03_18_17_21_07.txt,0
log-exceptions5-2024_03_18_18_02_05.txt,1
log-ExSymExe11-2024_03_18_18_18_15.txt,1
log-tableswitch1-2024_03_19_05_59_20.txt,0
log-ifxx1-2024_03_18_19_35_23.txt,1
log-ExSymExeF2L-2024_03_18_18_19_50.txt,0
log-NullPointerException3-2024_03_19_00_32_12.txt,0
log-boolean1-2024_03_18_15_59_16.txt,1
log-ExSymExeComplexMath-2024_03_18_18_19_42.txt,0
log-StringCompare03-2024_03_19_05_03_37.txt,0
log-ExSymExeResearch-2024_03_18_18_26_42.txt,1
log-assert5-2024_03_18_15_19_16.txt,1
log-Environment-2024_03_18_17_42_27.txt,0
log-ExSymExe7-2024_03_18_18_19_33.txt,0
log-StringIndexMethods03-2024_03_19_05_41_34.txt,0
log-StringBuilderAppend02-2024_03_19_03_51_12.txt,0
log-StringValueOf04-2024_03_19_05_50_03.txt,0
log-fcmpx_dcmpx1-2024_03_18_19_34_28.txt,1
log-StringCompare02-2024_03_19_04_56_51.txt,0
log-ExSymExe5-2024_03_18_18_19_29.txt,0
log-ArrayIndexOutOfBoundsException3-2024_03_18_14_17_18.txt,0
log-ArithmeticException6-2024_03_18_13_47_21.txt,0
log-java_append_char-2024_03_18_20_38_12.txt,0
log-HttpServletResponse-2024_03_18_19_10_15.txt,0
log-StringValueOf05-2024_03_19_05_50_42.txt,0
log-constructor1-2024_03_18_17_20_53.txt,0
log-Verifier-2024_03_19_06_07_13.txt,0
log-list1-2024_03_18_20_45_12.txt,0
log-StringConstructors04-2024_03_19_05_38_08.txt,0
log-CharSequenceBug-2024_03_18_17_00_16.txt,0
log-ExSymExeTestClassFields-2024_03_18_19_34_26.txt,0
log-shifting2-2024_03_19_02_10_24.txt,0
log-StringMiscellaneous04-2024_03_19_05_45_58.txt,0
log-return2-2024_03_19_02_04_01.txt,1
log-exceptions7-2024_03_18_18_02_47.txt,0
log-ExSymExeGetStatic-2024_03_18_18_19_53.txt,0
log-ExSymExeTestAssignments-2024_03_18_19_34_24.txt,0
log-Class_method1-2024_03_18_17_18_56.txt,1
log-IO-2024_03_18_20_38_11.txt,0
log-StringValueOf02-2024_03_19_05_49_03.txt,0
log-aastore_aaload1-2024_03_18_03_59_10.txt,0
log-instanceof8-2024_03_18_20_37_41.txt,0
log-arrayread1-2024_03_18_14_55_04.txt,0
log-exceptions13-2024_03_18_17_59_31.txt,0
log-StringBuilderCapLen01-2024_03_19_03_51_40.txt,0
log-if_acmp1-2024_03_18_19_17_32.txt,0
log-exceptions8-2024_03_18_18_03_12.txt,0
log-ArithmeticException5-2024_03_18_13_38_32.txt,0
log-uninitialised1-2024_03_19_06_05_06.txt,0
log-interface1-2024_03_18_20_37_55.txt,0
log-SubString03-2024_03_19_05_58_16.txt,0
log-assert1-2024_03_18_15_09_10.txt,1
log-SubString02-2024_03_19_05_57_51.txt,0
log-instanceof1-2024_03_18_20_30_35.txt,1
log-StringCompare04-2024_03_19_05_10_24.txt,0
log-Hanoi-2024_03_18_19_53_51.txt,1
