StringBuilderChars06,=0/1
StringIndexMethods02,=0/1
BugTestGen095,=0/1
Inheritance1,=0/1
calc,=0/1
StringBuilderCapLen04,=0/1
ExSymExe13,=0/1
InsertionSort,=0/1
exceptions4,=1/1
iarith2,=0/1
StringStartEnd02,=0/1
ExSymExeI2F,=0/1
BugTestGen119,=0/1
double2long,=0/1
exceptions2,=0/1
StringBuilderChars03,=0/1
ClassCastException1,=0/1
lookupswitch1,=1/1
Divs32,=1/1
TokenTest01,=0/1
ExDarko,=0/1
OverapproximationString01,=0/1
ExSymExe1,=0/1
StringConcatenation03,=0/1
StringBuilderChars04,=0/1
StringIndexMethods01,=0/1
ExSymExeF2I,=0/1
StringStartEnd03,=0/1
StringIndexMethods05,=0/1
char1,=1/1
ExSymExe,=0/1
ClassCastException3,=0/1
arraylength1,=1/1
URLDecoder02,=0/1
astore_aload1,=0/1
ExSymExeBool,=0/1
StringContains01,=0/1
ExSymExeArrays,=0/1
radians,=1/1
URLDecoder01,=0/1
catch1,=0/1
StringCompare01,=0/1
StringBuilderCapLen02,=0/1
StringValueOf09,=0/1
CharSequenceToString,=0/1
BellmanFord,=0/1
ArrayWhatNot,=0/1
WBS,=0/1
RegexMatches01,=0/1
ExSymExeFNEG,=0/1
assert3,=0/1
ExLazy,=0/1
Fibonacci,=1/1
StringMiscellaneous02,=0/1
DriverManager,=0/1
recursion2,=1/1
HttpServletRequest,=0/1
HttpSession,=0/1
BinaryTree,=0/1
StringCompare05,=0/1
store_load1,=1/1
ArrayIndexOutOfBoundsException1,=0/1
StringConcatenation01,=0/1
NullPointerException1,=0/1
boundcheck100,=0/1
instanceof7,=1/1
exceptions12,=0/1
StringValueOf06,=0/1
ExSymExeD2L,=0/1
StringValueOf10,=0/1
ExSymExe29,=0/1
virtual_function_unwinding,=0/1
charArray,=0/1
ValidateInput01,=0/1
putfield_getfield1,=1/1
TestLazy,=0/1
StringValueOf08,=0/1
StaticCharMethods02,=0/1
NegativeArraySizeException2,=0/1
instanceof6,=1/1
Float,=1/1
assert6,=1/1
exceptions6,=0/1
cast1,=0/1
StripLeadingAndTrailingQuotes,=0/1
lazyloading4,=0/1
StaticCharMethods03,=0/1
startswith,=1/1
if_expr1,=1/1
StaticCharMethods04,=0/1
putstatic_getstatic1,=1/1
StringMiscellaneous01,=0/1
Connection,=0/1
Addition,=0/1
bitwise1,=1/1
classtest1,=1/1
ExSymExe20,=0/1
StringValueOf03,=0/1
ExSymExe4,=0/1
Trie,=0/1
boundcheck200,=0/1
package1,=1/1
instanceof4,=1/1
exceptions10,=0/1
StringConcatenation04,=0/1
StringBuilderAppend01,=0/1
assert4,=1/1
StringBuilderChars05,=0/1
ExSymExe21,=0/1
StringConcatenation02,=0/1
boolean2,=1/1
list2,=0/1
BufferedReaderReadLine,=0/1
ExGenSymExe,=0/1
StringMiscellaneous03,=0/1
ExSymExe19,=0/1
ClassCastException2,=1/1
ExSymExe3,=0/1
ExSymExe17,=0/1
const1,=1/1
ExException,=0/1
ArithmeticException1,=0/1
StaticCharMethods05,=0/1
ExSymExe16,=0/1
StringValueOf01,=0/1
MinePump,=0/1
assert2,=0/1
ExSymExe26,=0/1
ExSymExeSimple,=0/1
exceptions18,=0/1
instanceof2,=1/1
Primes,=1/1
RegexMatches02,=0/1
ExSymExe28,=0/1
StringContains02,=0/1
ExSymExe15,=0/1
ExSymExeD2I,=0/1
StringConstructors03,=0/1
StringConstructors02,=0/1
ExSymExe9,=0/1
Ackermann,=1/1
SubString01,=0/1
NullPointerException2,=0/1
exceptions16,=0/1
StringBuilderChars01,=0/1
StringConstructors05,=0/1
ExSymExe6,=0/1
exceptions3,=0/1
ExSymExe8,=0/1
StringStartEnd01,=0/1
ExSymExe12,=0/1
instanceof3,=1/1
GCD,=1/1
return1,=1/1
Array2,=1/1
SortedListInsert,=0/1
basic1,=1/1
ExSymExe18,=0/1
enum1,=1/1
ExSymExe10,=0/1
iarith1,=1/1
multinewarray,=0/1
exceptions15,=0/1
shifting3,=0/1
athrow1,=0/1
exceptions9,=0/1
ExSymExe14,=0/1
TokenTest02,=0/1
ExSymExeI2D,=0/1
shifting,=0/1
long1,=0/1
ExSymExeSwitch,=0/1
AlarmOutputs,=0/1
array_iteration01,=0/1
NullPointerException4,=0/1
StringValueOf07,=0/1
BugTestGen1192,=0/1
Mccarthy91,=1/1
ExSymExe2,=0/1
StringBuilderCapLen03,=0/1
NegativeArraySizeException1,=0/1
StaticCharMethods06,=0/1
exceptions1,=0/1
StaticCharMethods01,=0/1
Statement,=0/1
StringIndexMethods04,=0/1
ExMIT,=0/1
StringBuilderChars02,=0/1
ExSymExeLongBytecodes,=0/1
addition01,=0/1
ExSymExe25,=0/1
overloading1,=1/1
MultCommutative,=1/1
ExSymExeSuzette,=1/1
instanceof5,=1/1
StringConstructors01,=0/1
EvenOdd,=1/1
ExSymExe27,=0/1
ExSymExeLCMP,=0/1
ArrayIndexOutOfBoundsException2,=0/1
if_icmp1,=1/1
exceptions14,=1/1
StripLeadingHyphens,=0/1
MergeSortIterative,=0/1
swap1,=0/1
boundcheck30,=1/1
exceptions11,=0/1
Cookie,=0/1
exceptions5,=1/1
ExSymExe11,=1/1
tableswitch1,=0/1
ifxx1,=1/1
ExSymExeF2L,=0/1
NullPointerException3,=0/1
boolean1,=1/1
ExSymExeComplexMath,=0/1
StringCompare03,=0/1
ExSymExeResearch,=1/1
assert5,=1/1
Environment,=0/1
ExSymExe7,=0/1
StringIndexMethods03,=0/1
StringBuilderAppend02,=0/1
StringValueOf04,=0/1
fcmpx_dcmpx1,=1/1
StringCompare02,=0/1
ExSymExe5,=0/1
ArrayIndexOutOfBoundsException3,=0/1
ArithmeticException6,=0/1
java_append_char,=0/1
HttpServletResponse,=0/1
StringValueOf05,=0/1
constructor1,=0/1
Verifier,=0/1
list1,=0/1
StringConstructors04,=0/1
CharSequenceBug,=0/1
ExSymExeTestClassFields,=0/1
shifting2,=0/1
StringMiscellaneous04,=0/1
return2,=1/1
exceptions7,=0/1
ExSymExeGetStatic,=0/1
ExSymExeTestAssignments,=0/1
Class_method1,=1/1
IO,=0/1
StringValueOf02,=0/1
aastore_aaload1,=0/1
instanceof8,=0/1
arrayread1,=0/1
exceptions13,=0/1
StringBuilderCapLen01,=0/1
if_acmp1,=0/1
exceptions8,=0/1
ArithmeticException5,=0/1
uninitialised1,=0/1
interface1,=0/1
SubString03,=0/1
assert1,=1/1
SubString02,=0/1
instanceof1,=1/1
StringCompare04,=0/1
Hanoi,=1/1
