log-arrayread1-2024_03_18_22_50_22.txt,0
log-catch1-2024_03_19_01_17_27.txt,1
log-astore_aload1-2024_03_18_23_23_31.txt,0
log-instanceof8-2024_03_19_03_54_14.txt,0
log-assert5-2024_03_18_23_14_18.txt,0
log-assert3-2024_03_18_23_08_01.txt,0
log-fcmpx_dcmpx1-2024_03_19_03_24_58.txt,1
log-ArithmeticException6-2024_03_18_22_01_36.txt,1
log-ArrayWhatNot-2024_03_18_22_53_30.txt,0
log-ExSymExeResearch-2024_03_19_03_17_43.txt,0
log-ArrayIndexOutOfBoundsException3-2024_03_18_22_41_07.txt,1
log-Inheritance1-2024_03_19_03_44_50.txt,0
log-ExSymExe4-2024_03_19_02_45_22.txt,0
log-ExSymExeTestClassFields-2024_03_19_03_23_25.txt,0
log-HttpServletResponse-2024_03_19_03_32_02.txt,0
log-exceptions15-2024_03_19_01_59_09.txt,0
log-CharSequenceBug-2024_03_19_01_23_51.txt,0
log-charArray-2024_03_19_01_21_24.txt,0
log-exceptions18-2024_03_19_02_01_04.txt,0
log-ExSymExe26-2024_03_19_02_39_36.txt,0
log-RegexMatches02-2024_03_19_04_33_07.txt,0
log-ExSymExe3-2024_03_19_02_44_35.txt,0
log-ClassCastException3-2024_03_19_01_31_05.txt,0
log-exceptions9-2024_03_19_02_10_31.txt,0
log-ClassCastException2-2024_03_19_01_29_34.txt,1
log-exceptions3-2024_03_19_02_03_44.txt,0
log-assert3-2024_03_18_23_06_31.txt,0
log-Hanoi-2024_03_19_03_29_16.txt,0
log-Mccarthy91-2024_03_19_04_06_21.txt,0
log-if_icmp1-2024_03_19_03_41_13.txt,0
log-arrayread1-2024_03_18_22_51_10.txt,0
log-array_iteration01-2024_03_18_22_43_12.txt,0
log-ArrayIndexOutOfBoundsException3-2024_03_18_22_39_40.txt,1
log-shifting3-2024_03_19_04_39_45.txt,0
log-instanceof2-2024_03_19_03_48_20.txt,0
log-HttpServletRequest-2024_03_19_03_30_39.txt,0
log-ArithmeticException1-2024_03_18_21_52_14.txt,1
log-ExSymExeLongBytecodes-2024_03_19_03_15_33.txt,0
log-ExSymExe-2024_03_19_02_17_13.txt,0
log-Addition-2024_03_18_21_40_34.txt,1
log-ClassCastException2-2024_03_19_01_30_19.txt,1
log-Primes-2024_03_19_04_24_36.txt,0
log-assert1-2024_03_18_22_59_43.txt,0
log-ExSymExe19-2024_03_19_02_32_57.txt,0
log-exceptions3-2024_03_19_02_02_59.txt,0
log-MultCommutative-2024_03_19_04_11_17.txt,0
log-athrow1-2024_03_18_23_33_18.txt,1
log-ExSymExe19-2024_03_19_02_33_24.txt,0
log-java_append_char-2024_03_19_03_58_59.txt,1
log-ExSymExe21-2024_03_19_02_36_45.txt,0
log-boolean2-2024_03_18_23_54_34.txt,0
log-aastore_aaload1-2024_03_18_21_35_01.txt,0
log-lazyloading4-2024_03_19_03_59_45.txt,0
log-return1-2024_03_19_04_34_50.txt,0
log-ArrayIndexOutOfBoundsException1-2024_03_18_22_15_00.txt,1
log-long1-2024_03_19_04_03_54.txt,0
log-bitwise1-2024_03_18_23_48_40.txt,0
log-char1-2024_03_19_01_19_48.txt,1
log-instanceof4-2024_03_19_03_50_32.txt,1
log-athrow1-2024_03_18_23_25_18.txt,1
log-ExSymExeSwitch-2024_03_19_03_21_02.txt,0
log-Environment-2024_03_19_01_48_46.txt,0
log-InsertionSort-2024_03_19_03_45_39.txt,0
log-Cookie-2024_03_19_01_42_09.txt,0
log-ExSymExe15-2024_03_19_02_27_19.txt,0
log-overloading1-2024_03_19_04_21_47.txt,0
log-boundcheck200-2024_03_19_00_00_06.txt,0
log-HttpServletRequest-2024_03_19_03_31_09.txt,0
log-assert2-2024_03_18_23_02_44.txt,0
log-catch1-2024_03_19_01_18_36.txt,1
log-ExSymExeTestClassFields-2024_03_19_03_23_01.txt,0
log-ClassCastException1-2024_03_19_01_28_28.txt,0
log-ExSymExe10-2024_03_19_02_20_55.txt,0
log-BinaryTree-2024_03_18_23_42_33.txt,0
log-instanceof3-2024_03_19_03_48_43.txt,0
log-putstatic_getstatic1-2024_03_19_04_26_55.txt,0
log-ExSymExeGetStatic-2024_03_19_03_03_14.txt,0
log-ClassCastException2-2024_03_19_01_29_12.txt,1
log-arraylength1-2024_03_18_22_47_59.txt,0
log-ExSymExe9-2024_03_19_02_52_43.txt,0
log-ExSymExeTestAssignments-2024_03_19_03_22_14.txt,0
log-instanceof1-2024_03_19_03_46_51.txt,1
log-assert3-2024_03_18_23_05_02.txt,0
log-ArrayIndexOutOfBoundsException1-2024_03_18_22_22_36.txt,1
log-exceptions9-2024_03_19_02_10_55.txt,0
log-ExSymExeF2I-2024_03_19_03_00_05.txt,1
log-Inheritance1-2024_03_19_03_44_26.txt,0
log-HttpServletRequest-2024_03_19_03_30_04.txt,0
log-ExSymExe7-2024_03_19_02_50_20.txt,0
log-instanceof6-2024_03_19_03_52_21.txt,0
log-addition01-2024_03_18_21_41_58.txt,0
log-constructor1-2024_03_19_01_41_45.txt,0
log-boolean2-2024_03_18_23_53_02.txt,0
log-BugTestGen095-2024_03_19_00_55_16.txt,0
log-double2long-2024_03_19_01_45_24.txt,0
log-MergeSortIterative-2024_03_19_04_07_06.txt,0
log-ArithmeticException1-2024_03_18_21_51_19.txt,1
log-Ackermann-2024_03_18_21_35_48.txt,0
log-array_iteration01-2024_03_18_22_44_02.txt,0
log-AlarmOutputs-2024_03_18_21_47_07.txt,0
log-boolean1-2024_03_18_23_51_19.txt,1
log-ExSymExe1-2024_03_19_02_19_17.txt,0
log-exceptions15-2024_03_19_01_58_45.txt,0
log-Cookie-2024_03_19_01_42_56.txt,0
log-SortedListInsert-2024_03_19_04_40_32.txt,0
log-ExSymExeTestClassFields-2024_03_19_03_23_48.txt,0
log-constructor1-2024_03_19_01_40_55.txt,0
log-iarith2-2024_03_19_03_37_39.txt,0
log-BufferedReaderReadLine-2024_03_19_00_06_09.txt,0
log-Connection-2024_03_19_01_38_25.txt,0
log-CharSequenceToString-2024_03_19_01_26_34.txt,0
log-BellmanFord-2024_03_18_23_39_49.txt,0
log-ExSymExe21-2024_03_19_02_37_10.txt,1
log-boundcheck100-2024_03_18_23_56_56.txt,1
log-Addition-2024_03_18_21_41_03.txt,1
log-enum1-2024_03_19_01_47_08.txt,0
log-exceptions8-2024_03_19_02_09_15.txt,0
log-basic1-2024_03_18_23_35_54.txt,1
log-shifting2-2024_03_19_04_38_14.txt,0
log-basic1-2024_03_18_23_36_27.txt,0
log-addition01-2024_03_18_21_43_43.txt,0
log-if_acmp1-2024_03_19_03_38_27.txt,0
log-BinaryTree-2024_03_18_23_43_24.txt,0
log-char1-2024_03_19_01_20_36.txt,0
log-exceptions14-2024_03_19_01_57_35.txt,0
log-ExSymExe16-2024_03_19_02_27_45.txt,0
log-shifting2-2024_03_19_04_37_52.txt,0
log-ArrayIndexOutOfBoundsException1-2024_03_18_22_15_31.txt,0
log-Primes-2024_03_19_04_23_41.txt,0
log-exceptions10-2024_03_19_01_52_05.txt,0
log-putfield_getfield1-2024_03_19_04_25_04.txt,0
log-ExSymExe27-2024_03_19_02_40_54.txt,0
log-exceptions6-2024_03_19_02_06_31.txt,0
log-Connection-2024_03_19_01_39_16.txt,0
log-ExSymExe28-2024_03_19_02_42_11.txt,0
log-ExSymExe17-2024_03_19_02_29_50.txt,0
log-BellmanFord-2024_03_18_23_38_58.txt,0
log-exceptions13-2024_03_19_01_55_41.txt,0
log-OverapproximationString01-2024_03_19_04_20_37.txt,0
log-if_expr1-2024_03_19_03_39_40.txt,0
log-calc-2024_03_19_01_13_31.txt,0
log-exceptions12-2024_03_19_01_54_30.txt,0
log-Addition-2024_03_18_21_41_30.txt,1
log-CharSequenceToString-2024_03_19_01_25_48.txt,0
log-ClassCastException1-2024_03_19_01_27_43.txt,0
log-ExSymExeD2L-2024_03_19_02_58_05.txt,0
log-ExSymExe8-2024_03_19_02_51_31.txt,0
log-instanceof1-2024_03_19_03_46_29.txt,1
log-return1-2024_03_19_04_34_24.txt,0
log-addition01-2024_03_18_21_42_51.txt,0
log-MultCommutative-2024_03_19_04_11_40.txt,1
log-instanceof2-2024_03_19_03_47_58.txt,1
log-Class_method1-2024_03_19_01_36_01.txt,1
log-instanceof3-2024_03_19_03_49_05.txt,0
log-boundcheck200-2024_03_19_00_00_54.txt,0
log-lazyloading4-2024_03_19_04_00_07.txt,0
log-exceptions5-2024_03_19_02_05_16.txt,1
log-boolean2-2024_03_18_23_52_32.txt,1
log-RegexMatches01-2024_03_19_04_31_49.txt,0
log-package1-2024_03_19_04_22_57.txt,1
log-CharSequenceBug-2024_03_19_01_24_14.txt,0
log-boundcheck200-2024_03_19_00_01_43.txt,0
log-charArray-2024_03_19_01_21_48.txt,0
log-recursion2-2024_03_19_04_30_30.txt,0
log-ExSymExeFNEG-2024_03_19_03_02_04.txt,0
log-exceptions13-2024_03_19_01_56_47.txt,0
log-putstatic_getstatic1-2024_03_19_04_26_33.txt,0
log-BellmanFord-2024_03_18_23_38_05.txt,0
log-ExSymExe2-2024_03_19_02_34_37.txt,0
log-instanceof5-2024_03_19_03_50_54.txt,1
log-shifting-2024_03_19_04_36_44.txt,0
log-aastore_aaload1-2024_03_18_21_31_44.txt,0
log-double2long-2024_03_19_01_44_37.txt,0
log-list1-2024_03_19_04_00_30.txt,0
log-Class_method1-2024_03_19_01_33_44.txt,1
log-ExSymExe3-2024_03_19_02_44_12.txt,0
log-MergeSortIterative-2024_03_19_04_08_58.txt,0
log-addition01-2024_03_18_21_45_30.txt,0
log-ExGenSymExe-2024_03_19_02_14_00.txt,0
log-assert6-2024_03_18_23_17_18.txt,0
log-cast1-2024_03_19_01_17_00.txt,0
log-bitwise1-2024_03_18_23_47_27.txt,0
log-ExSymExe1-2024_03_19_02_18_53.txt,0
log-fcmpx_dcmpx1-2024_03_19_03_24_35.txt,1
log-ExSymExe2-2024_03_19_02_33_50.txt,0
log-ExSymExeGetStatic-2024_03_19_03_03_38.txt,0
log-Array2-2024_03_18_22_12_05.txt,0
log-aastore_aaload1-2024_03_18_21_33_19.txt,0
log-NullPointerException2-2024_03_19_04_16_56.txt,0
log-StaticCharMethods03-2024_03_19_04_51_43.txt,1
log-StringConstructors01-2024_03_19_05_22_58.txt,0
log-StringValueOf10-2024_03_19_06_03_36.txt,0
log-StringConcatenation04-2024_03_19_05_22_36.txt,0
log-StaticCharMethods05-2024_03_19_04_54_52.txt,0
log-StringBuilderChars04-2024_03_19_05_09_25.txt,0
log-StringConcatenation03-2024_03_19_05_20_56.txt,0
log-StringValueOf06-2024_03_19_05_57_42.txt,1
log-StringValueOf05-2024_03_19_05_56_08.txt,1
log-StringConstructors04-2024_03_19_05_28_46.txt,0
log-StringBuilderChars04-2024_03_19_05_08_37.txt,0
log-StringIndexMethods04-2024_03_19_05_38_05.txt,0
log-StringValueOf09-2024_03_19_06_01_43.txt,0
log-StringMiscellaneous03-2024_03_19_05_42_08.txt,0
log-SubString03-2024_03_19_11_14_14.txt,1
log-URLDecoder02-2024_03_19_11_28_44.txt,0
log-StringConcatenation01-2024_03_19_05_18_00.txt,0
log-TokenTest01-2024_03_19_11_19_48.txt,0
log-Trie-2024_03_19_11_21_24.txt,0
log-StripLeadingHyphens-2024_03_19_06_05_39.txt,0
log-TokenTest02-2024_03_19_11_21_00.txt,0
log-StringContains02-2024_03_19_05_31_29.txt,0
log-StaticCharMethods06-2024_03_19_04_55_41.txt,1
log-StringContains02-2024_03_19_05_31_52.txt,0
log-StringStartEnd01-2024_03_19_05_45_58.txt,0
log-StringContains01-2024_03_19_05_30_19.txt,0
log-StringStartEnd03-2024_03_19_05_50_37.txt,0
log-StringCompare01-2024_03_19_05_12_16.txt,0
log-StringBuilderCapLen02-2024_03_19_05_02_31.txt,1
log-StringBuilderAppend02-2024_03_19_04_59_44.txt,0
log-StringBuilderChars03-2024_03_19_05_07_53.txt,0
log-store_load1-2024_03_19_04_56_55.txt,1
log-StringCompare05-2024_03_19_05_16_55.txt,0
log-StringValueOf01-2024_03_19_05_51_31.txt,0
log-StringConcatenation01-2024_03_19_05_18_25.txt,0
log-StringBuilderCapLen01-2024_03_19_05_01_23.txt,0
log-virtual_function_unwinding-2024_03_19_11_33_03.txt,0
log-StaticCharMethods05-2024_03_19_04_54_03.txt,0
log-StringValueOf08-2024_03_19_06_00_32.txt,1
log-StringValueOf09-2024_03_19_06_00_56.txt,0
log-Trie-2024_03_19_11_22_15.txt,0
log-StringValueOf08-2024_03_19_06_00_07.txt,1
log-StringBuilderChars03-2024_03_19_05_07_31.txt,0
log-StringBuilderChars06-2024_03_19_05_11_54.txt,0
log-StringStartEnd03-2024_03_19_05_49_47.txt,0
log-store_load1-2024_03_19_04_56_26.txt,1
log-StringBuilderCapLen04-2024_03_19_05_04_45.txt,0
log-StringConcatenation02-2024_03_19_05_19_13.txt,0
log-StringValueOf07-2024_03_19_05_58_31.txt,0
log-StringBuilderAppend01-2024_03_19_04_57_56.txt,0
log-StringIndexMethods05-2024_03_19_05_39_15.txt,0
log-StringMiscellaneous02-2024_03_19_05_41_22.txt,1
log-StringConstructors04-2024_03_19_05_28_23.txt,0
log-StringMiscellaneous03-2024_03_19_05_42_32.txt,0
log-StringValueOf04-2024_03_19_05_55_24.txt,1
log-StringMiscellaneous03-2024_03_19_05_42_59.txt,0
log-StringMiscellaneous04-2024_03_19_05_44_04.txt,0
log-StringValueOf03-2024_03_19_05_54_10.txt,0
log-StringBuilderChars06-2024_03_19_05_11_32.txt,0
log-swap1-2024_03_19_11_16_05.txt,0
log-StringStartEnd02-2024_03_19_05_48_57.txt,0
log-StringMiscellaneous01-2024_03_19_05_40_06.txt,0
log-StringIndexMethods02-2024_03_19_05_35_16.txt,1
log-StringBuilderChars05-2024_03_19_05_10_34.txt,0
log-StripLeadingHyphens-2024_03_19_06_06_19.txt,0
log-StringMiscellaneous01-2024_03_19_05_39_38.txt,0
log-SubString03-2024_03_19_11_14_37.txt,1
log-StringValueOf08-2024_03_19_05_59_43.txt,0
log-StringConstructors02-2024_03_19_05_24_49.txt,0
log-StringCompare03-2024_03_19_05_14_40.txt,1
log-StringBuilderCapLen03-2024_03_19_05_03_16.txt,0
log-interface1-2024_03_19_03_55_47.txt,0
log-StringConcatenation04-2024_03_19_05_22_11.txt,0
log-astore_aload1-2024_03_18_23_22_04.txt,0
log-athrow1-2024_03_18_23_25_46.txt,0
log-const1-2024_03_19_01_39_41.txt,0
log-ExSymExe19-2024_03_19_02_32_31.txt,0
log-StringMiscellaneous01-2024_03_19_05_40_32.txt,0
log-ExSymExe20-2024_03_19_02_35_53.txt,0
log-HttpSession-2024_03_19_03_33_39.txt,0
log-ExDarko-2024_03_19_02_11_20.txt,0
log-StringCompare05-2024_03_19_05_17_38.txt,1
log-BufferedReaderReadLine-2024_03_19_00_13_14.txt,0
log-basic1-2024_03_18_23_35_25.txt,1
log-exceptions1-2024_03_19_01_51_40.txt,0
log-ExSymExe14-2024_03_19_02_25_39.txt,0
log-StringBuilderAppend02-2024_03_19_04_59_18.txt,0
log-IO-2024_03_19_03_57_40.txt,0
log-StringValueOf10-2024_03_19_06_03_58.txt,0
log-Environment-2024_03_19_01_48_18.txt,0
log-StringMiscellaneous04-2024_03_19_05_43_37.txt,0
log-StringBuilderChars04-2024_03_19_05_09_01.txt,0
log-exceptions2-2024_03_19_02_01_50.txt,0
log-NegativeArraySizeException1-2024_03_19_04_14_21.txt,0
log-StringIndexMethods05-2024_03_19_05_38_29.txt,0
log-IO-2024_03_19_03_56_33.txt,0
log-ExSymExe18-2024_03_19_02_30_40.txt,0
log-assert1-2024_03_18_23_00_28.txt,0
log-Verifier-2024_03_19_11_31_48.txt,0
log-ExSymExeI2D-2024_03_19_03_04_03.txt,0
log-ArrayIndexOutOfBoundsException2-2024_03_18_22_24_33.txt,1
log-StringConstructors05-2024_03_19_05_29_55.txt,0
log-ExSymExe13-2024_03_19_02_23_51.txt,0
log-putfield_getfield1-2024_03_19_04_25_26.txt,0
log-NegativeArraySizeException1-2024_03_19_04_13_59.txt,1
log-Float-2024_03_19_03_26_57.txt,1
log-NullPointerException3-2024_03_19_04_18_47.txt,0
log-shifting3-2024_03_19_04_39_22.txt,0
log-swap1-2024_03_19_11_15_43.txt,0
log-Ackermann-2024_03_18_21_37_21.txt,0
log-StringBuilderChars01-2024_03_19_05_05_07.txt,0
log-ExSymExeFNEG-2024_03_19_03_02_27.txt,0
log-long1-2024_03_19_04_03_30.txt,0
log-ExSymExeI2F-2024_03_19_03_13_59.txt,0
log-assert6-2024_03_18_23_15_03.txt,0
log-ExSymExe18-2024_03_19_02_32_07.txt,0
log-ArrayIndexOutOfBoundsException3-2024_03_18_22_39_11.txt,1
log-StaticCharMethods04-2024_03_19_04_53_41.txt,1
log-list1-2024_03_19_04_01_05.txt,0
log-exceptions4-2024_03_19_02_04_53.txt,0
log-ArithmeticException1-2024_03_18_21_51_47.txt,1
log-ExSymExeF2I-2024_03_19_02_59_41.txt,0
log-AlarmOutputs-2024_03_18_21_48_46.txt,0
log-ArithmeticException1-2024_03_18_21_50_51.txt,1
log-boundcheck100-2024_03_18_23_56_08.txt,0
log-assert2-2024_03_18_23_04_14.txt,0
log-StripLeadingAndTrailingQuotes-2024_03_19_06_04_43.txt,0
log-java_append_char-2024_03_19_03_58_37.txt,0
log-CharSequenceBug-2024_03_19_01_23_27.txt,0
log-classtest1-2024_03_19_01_38_02.txt,1
log-StringIndexMethods01-2024_03_19_05_32_40.txt,0
log-StringBuilderCapLen02-2024_03_19_05_01_46.txt,0
log-Divs32-2024_03_19_01_43_18.txt,0
log-exceptions4-2024_03_19_02_04_30.txt,0
log-ExSymExe3-2024_03_19_02_43_48.txt,0
log-ClassCastException3-2024_03_19_01_31_29.txt,0
log-boundcheck200-2024_03_18_23_59_23.txt,0
log-BinaryTree-2024_03_18_23_44_16.txt,0
log-IO-2024_03_19_03_57_08.txt,0
log-exceptions11-2024_03_19_01_54_05.txt,0
log-bitwise1-2024_03_18_23_45_56.txt,0
log-recursion2-2024_03_19_04_29_44.txt,0
log-ArrayWhatNot-2024_03_18_22_55_04.txt,0
log-StringMiscellaneous04-2024_03_19_05_44_31.txt,0
log-ExSymExeBool-2024_03_19_02_55_08.txt,1
log-arraylength1-2024_03_18_22_48_45.txt,0
log-list2-2024_03_19_04_01_59.txt,0
log-interface1-2024_03_19_03_56_09.txt,0
log-ExSymExe2-2024_03_19_02_34_14.txt,0
log-StringIndexMethods02-2024_03_19_05_35_39.txt,1
log-ExSymExe7-2024_03_19_02_48_33.txt,0
log-AlarmOutputs-2024_03_18_21_46_22.txt,0
log-ExSymExe14-2024_03_19_02_25_13.txt,0
log-ExSymExe18-2024_03_19_02_30_15.txt,0
log-lookupswitch1-2024_03_19_04_05_08.txt,0
log-exceptions15-2024_03_19_01_58_22.txt,0
log-ExSymExe4-2024_03_19_02_44_59.txt,0
log-ExSymExe15-2024_03_19_02_26_29.txt,0
log-ExSymExeD2L-2024_03_19_02_58_53.txt,0
log-ExSymExeLongBytecodes-2024_03_19_03_16_00.txt,1
log-enum1-2024_03_19_01_47_32.txt,0
log-ifxx1-2024_03_19_03_42_03.txt,1
log-NullPointerException4-2024_03_19_04_19_32.txt,0
log-ExSymExe17-2024_03_19_02_28_59.txt,0
log-StringBuilderChars02-2024_03_19_05_06_47.txt,0
log-StringValueOf06-2024_03_19_05_57_19.txt,1
log-exceptions16-2024_03_19_01_59_32.txt,0
log-assert3-2024_03_18_23_07_16.txt,0
log-StringStartEnd03-2024_03_19_05_50_12.txt,0
log-instanceof5-2024_03_19_03_51_36.txt,0
log-instanceof7-2024_03_19_03_53_06.txt,1
log-StringIndexMethods03-2024_03_19_05_36_51.txt,0
log-ExSymExeF2I-2024_03_19_02_59_17.txt,0
log-instanceof8-2024_03_19_03_55_00.txt,0
log-Array2-2024_03_18_22_11_18.txt,0
log-boundcheck200-2024_03_18_23_58_55.txt,1
log-DriverManager-2024_03_19_01_46_40.txt,0
log-StringConcatenation04-2024_03_19_05_21_47.txt,1
log-BugTestGen095-2024_03_19_00_40_25.txt,0
log-basic1-2024_03_18_23_34_40.txt,0
log-uninitialised1-2024_03_19_11_26_04.txt,0
log-ExSymExeF2L-2024_03_19_03_00_53.txt,0
log-Statement-2024_03_19_04_43_18.txt,1
log-ExDarko-2024_03_19_02_12_05.txt,0
log-exceptions12-2024_03_19_01_54_53.txt,0
log-exceptions18-2024_03_19_02_01_26.txt,0
log-ValidateInput01-2024_03_19_11_29_59.txt,1
log-virtual_function_unwinding-2024_03_19_11_32_15.txt,0
log-StaticCharMethods04-2024_03_19_04_53_18.txt,1
log-iarith1-2024_03_19_03_34_54.txt,0
log-ExSymExeFNEG-2024_03_19_03_01_41.txt,0
log-Divs32-2024_03_19_01_43_44.txt,0
log-ClassCastException3-2024_03_19_01_32_14.txt,0
log-StringBuilderAppend01-2024_03_19_04_58_49.txt,0
log-InfiniteLoop-2024_03_19_03_43_13.txt,0
log-aastore_aaload1-2024_03_18_21_30_58.txt,0
log-ExSymExe6-2024_03_19_02_47_45.txt,0
log-ExSymExeResearch-2024_03_19_03_16_51.txt,0
log-URLDecoder01-2024_03_19_11_27_11.txt,0
log-uninitialised1-2024_03_19_11_26_26.txt,0
log-StringValueOf07-2024_03_19_05_59_19.txt,1
log-ExLazy-2024_03_19_02_15_13.txt,0
log-exceptions2-2024_03_19_02_02_36.txt,0
log-exceptions5-2024_03_19_02_05_41.txt,1
log-shifting2-2024_03_19_04_38_37.txt,0
log-ExSymExe-2024_03_19_02_18_21.txt,0
log-long1-2024_03_19_04_04_20.txt,0
log-Fibonacci-2024_03_19_03_25_44.txt,0
log-ExSymExe29-2024_03_19_02_43_25.txt,0
log-NullPointerException1-2024_03_19_04_16_34.txt,0
log-ExSymExe27-2024_03_19_02_40_02.txt,0
log-assert4-2024_03_18_23_08_48.txt,1
log-RegexMatches01-2024_03_19_04_30_56.txt,0
log-ArrayIndexOutOfBoundsException2-2024_03_18_22_23_33.txt,1
log-ExSymExe8-2024_03_19_02_51_07.txt,0
log-exceptions11-2024_03_19_01_53_41.txt,0
log-assert5-2024_03_18_23_13_32.txt,0
log-Float-2024_03_19_03_27_18.txt,1
log-lookupswitch1-2024_03_19_04_05_33.txt,0
log-list2-2024_03_19_04_02_29.txt,0
log-overloading1-2024_03_19_04_22_11.txt,0
log-tableswitch1-2024_03_19_11_16_52.txt,0
log-astore_aload1-2024_03_18_23_20_55.txt,0
log-Addition-2024_03_18_21_39_39.txt,1
log-Statement-2024_03_19_04_42_31.txt,0
log-ClassCastException2-2024_03_19_01_30_42.txt,1
log-StringIndexMethods04-2024_03_19_05_37_43.txt,0
log-charArray-2024_03_19_01_22_38.txt,0
log-AlarmOutputs-2024_03_18_21_47_55.txt,0
log-ExGenSymExe-2024_03_19_02_13_37.txt,0
log-StringStartEnd02-2024_03_19_05_48_32.txt,0
log-if_expr1-2024_03_19_03_39_17.txt,1
log-iarith1-2024_03_19_03_34_02.txt,0
log-ExSymExeSwitch-2024_03_19_03_20_37.txt,0
log-overloading1-2024_03_19_04_21_23.txt,0
log-astore_aload1-2024_03_18_23_18_55.txt,0
log-ExSymExeSwitch-2024_03_19_03_21_26.txt,0
log-NullPointerException4-2024_03_19_04_19_53.txt,0
log-ExSymExe14-2024_03_19_02_26_04.txt,0
log-swap1-2024_03_19_11_15_22.txt,0
log-package1-2024_03_19_04_22_35.txt,1
log-ValidateInput01-2024_03_19_11_30_27.txt,1
log-cast1-2024_03_19_01_15_39.txt,0
log-StringMiscellaneous02-2024_03_19_05_41_46.txt,1
log-StaticCharMethods02-2024_03_19_04_51_16.txt,0
log-char1-2024_03_19_01_21_00.txt,0
log-ArithmeticException5-2024_03_18_21_52_42.txt,1
log-boundcheck30-2024_03_19_00_03_23.txt,0
log-ExSymExe4-2024_03_19_02_45_46.txt,0
log-assert5-2024_03_18_23_11_59.txt,0
log-ExSymExeI2F-2024_03_19_03_13_13.txt,0
log-ClassCastException1-2024_03_19_01_27_21.txt,0
log-instanceof6-2024_03_19_03_51_58.txt,0
log-assert5-2024_03_18_23_11_10.txt,0
log-calc-2024_03_19_01_13_05.txt,0
log-Mccarthy91-2024_03_19_04_06_44.txt,0
log-NegativeArraySizeException1-2024_03_19_04_13_37.txt,1
log-StringConstructors02-2024_03_19_05_25_35.txt,1
log-putfield_getfield1-2024_03_19_04_25_47.txt,1
log-bitwise1-2024_03_18_23_48_11.txt,1
log-ExMIT-2024_03_19_02_16_25.txt,0
log-exceptions16-2024_03_19_01_59_55.txt,0
log-radians-2024_03_19_04_27_18.txt,0
log-StringBuilderChars05-2024_03_19_05_09_49.txt,0
log-lookupswitch1-2024_03_19_04_04_43.txt,0
log-assert4-2024_03_18_23_10_41.txt,1
log-NullPointerException1-2024_03_19_04_15_49.txt,0
log-ExSymExe26-2024_03_19_02_39_11.txt,0
log-OverapproximationString01-2024_03_19_04_20_15.txt,0
log-StringMiscellaneous02-2024_03_19_05_40_59.txt,1
log-boolean1-2024_03_18_23_50_25.txt,1
log-StringConstructors03-2024_03_19_05_27_32.txt,0
log-StringConcatenation02-2024_03_19_05_19_41.txt,0
log-virtual_function_unwinding-2024_03_19_11_32_39.txt,0
log-exceptions14-2024_03_19_01_57_10.txt,0
log-Divs32-2024_03_19_01_44_10.txt,1
log-TokenTest01-2024_03_19_11_19_23.txt,0
log-list2-2024_03_19_04_03_01.txt,0
log-StaticCharMethods02-2024_03_19_04_50_24.txt,1
log-StringValueOf06-2024_03_19_05_58_08.txt,1
log-ArithmeticException5-2024_03_18_22_01_08.txt,1
log-StringContains02-2024_03_19_05_32_14.txt,0
log-ExSymExeTestAssignments-2024_03_19_03_21_51.txt,0
log-BugTestGen1192-2024_03_19_01_06_05.txt,0
log-classtest1-2024_03_19_01_37_18.txt,0
log-NullPointerException2-2024_03_19_04_17_18.txt,0
log-if_acmp1-2024_03_19_03_38_54.txt,0
log-exceptions16-2024_03_19_02_00_17.txt,0
log-ExSymExe17-2024_03_19_02_29_26.txt,0
log-ValidateInput01-2024_03_19_11_29_30.txt,1
log-WBS-2024_03_19_11_33_56.txt,0
log-InsertionSort-2024_03_19_03_46_05.txt,0
log-Fibonacci-2024_03_19_03_25_21.txt,0
log-shifting3-2024_03_19_04_38_59.txt,0
log-Array2-2024_03_18_22_13_40.txt,0
log-tableswitch1-2024_03_19_11_17_18.txt,0
log-classtest1-2024_03_19_01_37_40.txt,1
log-charArray-2024_03_19_01_23_03.txt,0
log-CharSequenceToString-2024_03_19_01_26_57.txt,0
log-instanceof5-2024_03_19_03_51_15.txt,1
log-ExSymExeD2I-2024_03_19_02_57_18.txt,0
log-ExSymExeSimple-2024_03_19_03_18_57.txt,1
log-arrayread1-2024_03_18_22_52_42.txt,0
log-ExSymExe25-2024_03_19_02_37_33.txt,0
log-NullPointerException1-2024_03_19_04_16_12.txt,0
log-Float-2024_03_19_03_26_35.txt,1
log-exceptions18-2024_03_19_02_00_40.txt,0
log-Verifier-2024_03_19_11_31_21.txt,0
log-Verifier-2024_03_19_11_30_54.txt,0
log-return2-2024_03_19_04_35_59.txt,0
log-startswith-2024_03_19_04_41_20.txt,0
log-shifting-2024_03_19_04_37_07.txt,0
log-lazyloading4-2024_03_19_03_59_22.txt,0
log-WBS-2024_03_19_11_34_22.txt,0
log-aastore_aaload1-2024_03_18_21_34_06.txt,0
log-boundcheck100-2024_03_18_23_58_11.txt,0
log-exceptions1-2024_03_19_01_50_53.txt,0
log-ExGenSymExe-2024_03_19_02_14_24.txt,0
log-exceptions1-2024_03_19_01_51_17.txt,0
log-ExSymExe13-2024_03_19_02_24_20.txt,0
log-ExSymExe11-2024_03_19_02_21_20.txt,1
log-exceptions14-2024_03_19_01_57_59.txt,0
log-instanceof8-2024_03_19_03_54_38.txt,0
log-if_acmp1-2024_03_19_03_38_03.txt,0
log-putstatic_getstatic1-2024_03_19_04_26_10.txt,0
log-store_load1-2024_03_19_04_57_26.txt,1
log-MultCommutative-2024_03_19_04_12_02.txt,0
log-StringValueOf02-2024_03_19_05_52_24.txt,1
log-exceptions5-2024_03_19_02_06_06.txt,0
log-StringValueOf07-2024_03_19_05_58_56.txt,0
log-StringValueOf02-2024_03_19_05_53_16.txt,1
log-StringConstructors05-2024_03_19_05_29_32.txt,0
log-cast1-2024_03_19_01_16_33.txt,0
log-assert4-2024_03_18_23_10_14.txt,1
log-Class_method1-2024_03_19_01_33_22.txt,0
log-StringContains01-2024_03_19_05_31_04.txt,0
log-radians-2024_03_19_04_29_22.txt,0
log-charArray-2024_03_19_01_22_13.txt,0
log-StringConcatenation01-2024_03_19_05_18_49.txt,0
log-StringBuilderCapLen03-2024_03_19_05_03_38.txt,0
log-assert6-2024_03_18_23_15_48.txt,0
log-Fibonacci-2024_03_19_03_26_09.txt,0
log-ArrayIndexOutOfBoundsException2-2024_03_18_22_32_07.txt,0
log-HttpSession-2024_03_19_03_33_15.txt,0
log-ExSymExe10-2024_03_19_02_20_29.txt,0
log-StaticCharMethods04-2024_03_19_04_52_56.txt,1
log-StringBuilderChars06-2024_03_19_05_10_57.txt,0
log-calc-2024_03_19_01_13_57.txt,0
log-EvenOdd-2024_03_19_01_50_28.txt,0
log-calc-2024_03_19_01_14_22.txt,0
log-MinePump-2024_03_19_04_10_46.txt,0
log-StripLeadingAndTrailingQuotes-2024_03_19_06_05_06.txt,0
log-ExSymExeF2L-2024_03_19_03_01_18.txt,1
log-StringBuilderChars02-2024_03_19_05_07_09.txt,0
log-ExSymExe5-2024_03_19_02_46_57.txt,0
log-ExSymExeI2D-2024_03_19_03_04_50.txt,0
log-assert4-2024_03_18_23_09_43.txt,1
log-ifxx1-2024_03_19_03_41_39.txt,0
log-exceptions8-2024_03_19_02_09_42.txt,0
log-bitwise1-2024_03_18_23_46_41.txt,0
log-StringBuilderCapLen01-2024_03_19_05_00_59.txt,0
log-list1-2024_03_19_04_01_32.txt,0
log-StringCompare03-2024_03_19_05_15_03.txt,1
log-instanceof7-2024_03_19_03_53_52.txt,1
log-StringCompare02-2024_03_19_05_13_32.txt,1
log-boundcheck30-2024_03_19_00_04_10.txt,0
log-assert1-2024_03_18_22_58_11.txt,0
log-URLDecoder02-2024_03_19_11_28_21.txt,0
log-ArrayIndexOutOfBoundsException3-2024_03_18_22_40_38.txt,1
log-radians-2024_03_19_04_27_40.txt,0
log-ArithmeticException6-2024_03_18_22_03_00.txt,0
log-ExSymExe10-2024_03_19_02_20_04.txt,0
log-return2-2024_03_19_04_35_37.txt,0
log-ExSymExe12-2024_03_19_02_23_26.txt,0
log-StringValueOf03-2024_03_19_05_53_43.txt,0
log-NegativeArraySizeException2-2024_03_19_04_15_05.txt,1
log-ClassCastException3-2024_03_19_01_32_37.txt,0
log-HttpServletResponse-2024_03_19_03_32_26.txt,0
log-TspSolver-2024_03_19_11_25_07.txt,0
log-athrow1-2024_03_18_23_24_49.txt,1
log-calc-2024_03_19_01_14_48.txt,0
log-ExMIT-2024_03_19_02_16_49.txt,0
log-ExSymExe8-2024_03_19_02_50_43.txt,0
log-ClassCastException1-2024_03_19_01_28_50.txt,0
log-StringConcatenation03-2024_03_19_05_20_32.txt,0
log-TspSolver-2024_03_19_11_24_37.txt,0
log-StringCompare01-2024_03_19_05_12_41.txt,0
log-instanceof7-2024_03_19_03_53_28.txt,0
log-ExSymExe1-2024_03_19_02_19_41.txt,0
log-catch1-2024_03_19_01_17_50.txt,0
log-recursion2-2024_03_19_04_30_07.txt,0
log-boundcheck30-2024_03_19_00_05_22.txt,0
log-ExException-2024_03_19_02_12_29.txt,0
log-RegexMatches01-2024_03_19_04_31_20.txt,0
log-StringIndexMethods01-2024_03_19_05_33_56.txt,0
log-Inheritance1-2024_03_19_03_43_58.txt,0
log-basic1-2024_03_18_23_33_46.txt,0
log-boundcheck100-2024_03_18_23_55_20.txt,0
log-assert3-2024_03_18_23_05_47.txt,0
log-StringBuilderChars05-2024_03_19_05_10_11.txt,0
log-ExSymExe26-2024_03_19_02_38_48.txt,0
log-assert1-2024_03_18_22_57_26.txt,0
log-boundcheck30-2024_03_19_00_04_54.txt,1
log-BugTestGen119-2024_03_19_01_03_04.txt,0
log-ExSymExeArrays-2024_03_19_02_53_31.txt,0
log-StaticCharMethods06-2024_03_19_04_56_04.txt,0
log-ExSymExe12-2024_03_19_02_22_35.txt,0
log-assert1-2024_03_18_22_58_58.txt,0
log-if_icmp1-2024_03_19_03_40_24.txt,0
log-athrow1-2024_03_18_23_26_14.txt,0
log-StaticCharMethods01-2024_03_19_04_49_29.txt,0
log-DriverManager-2024_03_19_01_45_49.txt,0
log-arraylength1-2024_03_18_22_46_26.txt,0
log-TokenTest02-2024_03_19_11_20_13.txt,0
log-ExSymExe9-2024_03_19_02_52_20.txt,0
log-fcmpx_dcmpx1-2024_03_19_03_24_12.txt,1
log-ExLazy-2024_03_19_02_14_48.txt,0
log-StringConstructors03-2024_03_19_05_25_59.txt,0
log-StaticCharMethods05-2024_03_19_04_54_27.txt,0
log-array_iteration01-2024_03_18_22_44_50.txt,0
log-StringBuilderCapLen01-2024_03_19_05_00_37.txt,0
log-StringConstructors04-2024_03_19_05_28_00.txt,0
log-StringConcatenation02-2024_03_19_05_20_06.txt,0
log-ExSymExe5-2024_03_19_02_46_10.txt,0
log-boolean1-2024_03_18_23_49_27.txt,0
log-ExLazy-2024_03_19_02_15_37.txt,0
log-CharSequenceBug-2024_03_19_01_24_40.txt,0
log-cast1-2024_03_19_01_16_07.txt,0
log-StringValueOf01-2024_03_19_05_51_02.txt,0
log-ArithmeticException6-2024_03_18_22_10_03.txt,1
log-ExSymExeI2F-2024_03_19_03_13_36.txt,0
log-StringBuilderChars01-2024_03_19_05_05_59.txt,0
log-HttpSession-2024_03_19_03_32_51.txt,0
log-ArrayIndexOutOfBoundsException1-2024_03_18_22_23_05.txt,1
log-exceptions6-2024_03_19_02_07_18.txt,0
log-BugTestGen095-2024_03_19_00_47_27.txt,0
log-iarith2-2024_03_19_03_37_15.txt,0
log-ArithmeticException5-2024_03_18_21_53_37.txt,1
log-if_expr1-2024_03_19_03_40_02.txt,1
log-StringBuilderChars03-2024_03_19_05_08_15.txt,0
log-ExSymExe28-2024_03_19_02_41_45.txt,0
log-ExSymExeGetStatic-2024_03_19_03_02_50.txt,0
log-Trie-2024_03_19_11_23_00.txt,0
log-StringValueOf05-2024_03_19_05_56_30.txt,1
log-StaticCharMethods01-2024_03_19_04_49_58.txt,0
log-ifxx1-2024_03_19_03_42_27.txt,1
log-ExSymExeLCMP-2024_03_19_03_14_46.txt,0
log-ExSymExeD2L-2024_03_19_02_58_29.txt,0
log-BugTestGen119-2024_03_19_01_05_20.txt,0
log-StripLeadingAndTrailingQuotes-2024_03_19_06_04_20.txt,0
log-ExSymExeResearch-2024_03_19_03_17_18.txt,0
log-instanceof6-2024_03_19_03_52_43.txt,0
log-ExSymExeComplexMath-2024_03_19_02_55_31.txt,0
log-RegexMatches02-2024_03_19_04_33_54.txt,0
log-StringCompare04-2024_03_19_05_16_10.txt,0
log-ExSymExeI2D-2024_03_19_03_04_27.txt,0
log-MergeSortIterative-2024_03_19_04_07_41.txt,0
log-assert6-2024_03_18_23_18_03.txt,0
log-TokenTest02-2024_03_19_11_20_37.txt,0
log-java_append_char-2024_03_19_03_58_14.txt,0
log-array_iteration01-2024_03_18_22_42_23.txt,0
log-assert2-2024_03_18_23_01_59.txt,0
log-tableswitch1-2024_03_19_11_16_27.txt,0
log-ExSymExe28-2024_03_19_02_41_19.txt,0
log-instanceof2-2024_03_19_03_47_37.txt,0
log-Ackermann-2024_03_18_21_38_06.txt,0
log-exceptions6-2024_03_19_02_06_54.txt,0
log-arrayread1-2024_03_18_22_51_55.txt,0
log-ExException-2024_03_19_02_12_52.txt,0
log-cast1-2024_03_19_01_15_13.txt,0
log-ExSymExe13-2024_03_19_02_24_46.txt,0
log-exceptions11-2024_03_19_01_53_16.txt,0
log-ExSymExeF2L-2024_03_19_03_00_28.txt,0
log-StringValueOf02-2024_03_19_05_52_51.txt,1
log-GCD-2024_03_19_03_27_40.txt,0
log-ExSymExeSuzette-2024_03_19_03_19_47.txt,0
log-NegativeArraySizeException2-2024_03_19_04_15_27.txt,1
log-Hanoi-2024_03_19_03_29_40.txt,0
log-assert2-2024_03_18_23_01_13.txt,0
log-multinewarray-2024_03_19_04_12_48.txt,0
log-InfiniteLoop-2024_03_19_03_42_50.txt,0
log-arraylength1-2024_03_18_22_47_13.txt,0
log-ExSymExe15-2024_03_19_02_26_54.txt,0
log-ClassCastException1-2024_03_19_01_28_05.txt,0
log-const1-2024_03_19_01_40_30.txt,1
log-ExMIT-2024_03_19_02_16_01.txt,1
log-assert6-2024_03_18_23_16_33.txt,0
log-StringBuilderChars02-2024_03_19_05_06_25.txt,0
log-ExException-2024_03_19_02_13_15.txt,0
log-StringValueOf04-2024_03_19_05_55_46.txt,1
log-StringBuilderChars01-2024_03_19_05_05_34.txt,0
log-BugTestGen095-2024_03_19_00_48_12.txt,0
log-exceptions2-2024_03_19_02_02_12.txt,0
log-catch1-2024_03_19_01_18_12.txt,1
log-EvenOdd-2024_03_19_01_50_05.txt,0
log-StringContains01-2024_03_19_05_30_42.txt,0
log-enum1-2024_03_19_01_47_55.txt,1
log-StringCompare01-2024_03_19_05_13_07.txt,0
log-Ackermann-2024_03_18_21_38_53.txt,0
log-Statement-2024_03_19_04_48_38.txt,0
log-Cookie-2024_03_19_01_42_32.txt,0
log-BugTestGen095-2024_03_19_00_33_22.txt,0
log-ArithmeticException5-2024_03_18_21_54_05.txt,0
log-startswith-2024_03_19_04_41_45.txt,0
log-iarith1-2024_03_19_03_34_27.txt,0
log-StringValueOf05-2024_03_19_05_56_54.txt,1
log-StringCompare02-2024_03_19_05_13_54.txt,1
log-StringIndexMethods05-2024_03_19_05_38_53.txt,0
log-StringCompare02-2024_03_19_05_14_17.txt,1
log-TestLazy-2024_03_19_11_17_43.txt,0
log-TestLazy-2024_03_19_11_18_30.txt,0
log-instanceof1-2024_03_19_03_47_14.txt,1
log-catch1-2024_03_19_01_19_00.txt,1
log-exceptions3-2024_03_19_02_03_22.txt,0
log-EvenOdd-2024_03_19_01_49_41.txt,0
log-Class_method1-2024_03_19_01_32_59.txt,1
log-shifting-2024_03_19_04_37_30.txt,0
log-ExSymExe11-2024_03_19_02_22_09.txt,0
log-ExSymExe-2024_03_19_02_17_49.txt,0
log-iarith2-2024_03_19_03_36_40.txt,0
log-instanceof4-2024_03_19_03_49_49.txt,1
log-BinaryTree-2024_03_18_23_41_40.txt,0
log-aastore_aaload1-2024_03_18_21_32_32.txt,0
log-NullPointerException3-2024_03_19_04_18_25.txt,0
log-ArithmeticException6-2024_03_18_22_02_04.txt,1
log-if_icmp1-2024_03_19_03_40_49.txt,0
log-exceptions7-2024_03_19_02_08_28.txt,0
log-StringConstructors03-2024_03_19_05_27_05.txt,0
log-ExSymExe25-2024_03_19_02_38_23.txt,0
log-URLDecoder01-2024_03_19_11_27_35.txt,0
log-StringConcatenation03-2024_03_19_05_21_21.txt,0
log-ExSymExe6-2024_03_19_02_48_09.txt,0
log-CharSequenceBug-2024_03_19_01_25_02.txt,0
log-multinewarray-2024_03_19_04_12_24.txt,0
log-interface1-2024_03_19_03_55_24.txt,0
log-DriverManager-2024_03_19_01_46_14.txt,0
log-astore_aload1-2024_03_18_23_19_47.txt,0
log-StringCompare04-2024_03_19_05_15_48.txt,0
log-ExSymExeSuzette-2024_03_19_03_19_21.txt,0
log-CharSequenceToString-2024_03_19_01_26_11.txt,0
log-ExSymExe21-2024_03_19_02_36_18.txt,0
log-MinePump-2024_03_19_04_10_14.txt,0
log-ExSymExeTestAssignments-2024_03_19_03_22_38.txt,0
log-ExSymExeLCMP-2024_03_19_03_15_09.txt,1
log-startswith-2024_03_19_04_42_08.txt,0
log-NullPointerException2-2024_03_19_04_17_41.txt,0
log-ExSymExe5-2024_03_19_02_46_33.txt,0
log-StringIndexMethods04-2024_03_19_05_37_20.txt,0
log-constructor1-2024_03_19_01_41_20.txt,0
log-instanceof4-2024_03_19_03_50_10.txt,1
log-StringIndexMethods03-2024_03_19_05_36_03.txt,0
log-ExSymExe27-2024_03_19_02_40_27.txt,0
log-ArrayIndexOutOfBoundsException3-2024_03_18_22_40_09.txt,1
log-StringValueOf10-2024_03_19_06_02_07.txt,0
log-char1-2024_03_19_01_19_24.txt,1
log-ExSymExeSimple-2024_03_19_03_18_08.txt,0
log-StringValueOf01-2024_03_19_05_51_57.txt,0
log-WBS-2024_03_19_11_33_28.txt,0
log-ExSymExeArrays-2024_03_19_02_53_56.txt,0
log-BinaryTree-2024_03_18_23_45_05.txt,0
log-ExSymExeD2I-2024_03_19_02_56_54.txt,0
log-Statement-2024_03_19_04_48_14.txt,0
log-ExSymExe16-2024_03_19_02_28_35.txt,0
log-RegexMatches02-2024_03_19_04_33_31.txt,0
log-Array2-2024_03_18_22_12_52.txt,0
log-StringConstructors02-2024_03_19_05_25_13.txt,0
log-arrayread1-2024_03_18_22_49_33.txt,0
log-ExSymExe16-2024_03_19_02_28_10.txt,0
log-ArrayWhatNot-2024_03_18_22_56_38.txt,0
log-StringIndexMethods01-2024_03_19_05_34_22.txt,0
log-ExSymExeLCMP-2024_03_19_03_14_22.txt,0
log-return2-2024_03_19_04_36_21.txt,0
log-Hanoi-2024_03_19_03_28_52.txt,0
log-SortedListInsert-2024_03_19_04_40_09.txt,0
log-instanceof3-2024_03_19_03_49_27.txt,0
log-StaticCharMethods02-2024_03_19_04_50_48.txt,0
log-InfiniteLoop-2024_03_19_03_43_36.txt,1
log-Addition-2024_03_18_21_40_07.txt,1
log-StringConstructors01-2024_03_19_05_23_21.txt,0
log-arraylength1-2024_03_18_22_45_38.txt,0
log-boolean1-2024_03_18_23_50_52.txt,1
log-StringCompare05-2024_03_19_05_17_17.txt,0
log-exceptions12-2024_03_19_01_55_17.txt,0
log-StringValueOf03-2024_03_19_05_54_35.txt,0
log-exceptions4-2024_03_19_02_04_07.txt,0
log-StringStartEnd01-2024_03_19_05_45_27.txt,0
log-BellmanFord-2024_03_18_23_40_44.txt,0
log-StringCompare03-2024_03_19_05_15_25.txt,1
log-URLDecoder02-2024_03_19_11_29_07.txt,0
log-InsertionSort-2024_03_19_03_45_14.txt,0
log-Primes-2024_03_19_04_24_09.txt,0
log-SubString01-2024_03_19_06_09_19.txt,0
log-StaticCharMethods01-2024_03_19_04_49_02.txt,0
log-ExSymExeComplexMath-2024_03_19_02_56_01.txt,0
log-ExSymExe11-2024_03_19_02_21_44.txt,0
log-StringBuilderCapLen04-2024_03_19_05_04_23.txt,0
log-StaticCharMethods03-2024_03_19_04_52_33.txt,1
log-assert2-2024_03_18_23_03_29.txt,0
log-ClassCastException2-2024_03_19_01_29_57.txt,1
log-StripLeadingHyphens-2024_03_19_06_07_11.txt,0
log-SubString01-2024_03_19_06_08_09.txt,0
log-Array2-2024_03_18_22_10_31.txt,0
log-NullPointerException4-2024_03_19_04_19_09.txt,0
log-StringBuilderCapLen04-2024_03_19_05_04_00.txt,0
log-StringConstructors05-2024_03_19_05_29_09.txt,0
log-boolean2-2024_03_18_23_51_47.txt,0
log-Connection-2024_03_19_01_38_50.txt,0
log-ExSymExe29-2024_03_19_02_42_59.txt,0
log-ExSymExe12-2024_03_19_02_23_00.txt,0
log-Environment-2024_03_19_01_49_14.txt,0
log-SubString03-2024_03_19_11_14_59.txt,1
log-exceptions9-2024_03_19_02_10_06.txt,0
log-MinePump-2024_03_19_04_09_44.txt,0
log-ExSymExeSimple-2024_03_19_03_18_33.txt,0
log-ArrayIndexOutOfBoundsException2-2024_03_18_22_24_03.txt,1
log-StringIndexMethods03-2024_03_19_05_36_27.txt,0
log-exceptions10-2024_03_19_01_52_30.txt,0
log-StringConstructors01-2024_03_19_05_24_26.txt,0
log-ArithmeticException6-2024_03_18_22_02_32.txt,1
log-StringStartEnd01-2024_03_19_05_44_59.txt,0
log-BugTestGen119-2024_03_19_01_02_18.txt,0
log-ExSymExeComplexMath-2024_03_19_02_56_26.txt,0
log-GCD-2024_03_19_03_28_05.txt,0
log-StaticCharMethods03-2024_03_19_04_52_09.txt,1
log-StringValueOf04-2024_03_19_05_55_00.txt,1
log-const1-2024_03_19_01_40_06.txt,1
log-SubString01-2024_03_19_06_08_56.txt,0
log-exceptions13-2024_03_19_01_56_23.txt,0
log-ArrayIndexOutOfBoundsException2-2024_03_18_22_25_03.txt,0
log-char1-2024_03_19_01_20_13.txt,0
log-uninitialised1-2024_03_19_11_26_48.txt,0
log-boolean2-2024_03_18_23_53_47.txt,0
log-Statement-2024_03_19_04_47_51.txt,0
log-boolean1-2024_03_18_23_49_57.txt,1
log-ExSymExe29-2024_03_19_02_42_35.txt,0
log-assert5-2024_03_18_23_12_48.txt,0
log-GCD-2024_03_19_03_28_29.txt,0
log-ArrayWhatNot-2024_03_18_22_55_51.txt,0
log-StringBuilderAppend01-2024_03_19_04_58_22.txt,0
log-Class_method1-2024_03_19_01_34_06.txt,1
log-OverapproximationString01-2024_03_19_04_21_00.txt,0
log-boundcheck30-2024_03_19_00_02_32.txt,0
log-array_iteration01-2024_03_18_22_41_35.txt,0
log-CharSequenceToString-2024_03_19_01_25_25.txt,0
log-ExSymExeI2F-2024_03_19_03_05_13.txt,0
log-multinewarray-2024_03_19_04_13_13.txt,0
log-addition01-2024_03_18_21_44_37.txt,0
log-assert4-2024_03_18_23_09_16.txt,1
log-ArrayWhatNot-2024_03_18_22_54_16.txt,0
log-ExSymExe9-2024_03_19_02_51_55.txt,0
log-BellmanFord-2024_03_18_23_37_13.txt,0
log-return1-2024_03_19_04_35_14.txt,0
log-ArithmeticException5-2024_03_18_21_53_10.txt,1
log-ExSymExe6-2024_03_19_02_47_21.txt,0
log-BugTestGen119-2024_03_19_01_04_34.txt,0
log-exceptions10-2024_03_19_01_52_53.txt,0
log-Ackermann-2024_03_18_21_36_35.txt,0
log-TspSolver-2024_03_19_11_25_34.txt,0
log-StringStartEnd02-2024_03_19_05_49_23.txt,0
log-URLDecoder01-2024_03_19_11_27_59.txt,0
log-Mccarthy91-2024_03_19_04_05_58.txt,0
log-ExSymExe7-2024_03_19_02_48_56.txt,0
log-ExSymExeArrays-2024_03_19_02_53_07.txt,0
log-ExSymExeD2I-2024_03_19_02_57_42.txt,0
log-ExSymExe25-2024_03_19_02_37_58.txt,0
log-StringIndexMethods02-2024_03_19_05_34_53.txt,1
log-StringValueOf09-2024_03_19_06_01_20.txt,0
log-StringBuilderAppend02-2024_03_19_05_00_10.txt,0
log-StringBuilderCapLen02-2024_03_19_05_02_08.txt,0
log-ExSymExeBool-2024_03_19_02_54_20.txt,0
log-SubString02-2024_03_19_06_09_41.txt,0
log-SortedListInsert-2024_03_19_04_40_56.txt,0
log-BugTestGen119-2024_03_19_01_03_49.txt,0
log-StringBuilderCapLen03-2024_03_19_05_02_53.txt,0
log-ClassCastException3-2024_03_19_01_31_52.txt,0
log-exceptions7-2024_03_19_02_08_05.txt,0
log-ExSymExe20-2024_03_19_02_35_26.txt,0
log-exceptions8-2024_03_19_02_08_51.txt,0
log-NegativeArraySizeException2-2024_03_19_04_14_43.txt,1
log-ArrayIndexOutOfBoundsException1-2024_03_18_22_14_26.txt,1
log-ExSymExeSuzette-2024_03_19_03_20_12.txt,0
log-Statement-2024_03_19_04_42_55.txt,0
log-ExSymExeLongBytecodes-2024_03_19_03_16_26.txt,0
log-ArithmeticException1-2024_03_18_21_50_24.txt,1
log-ExDarko-2024_03_19_02_11_42.txt,0
log-ExSymExeBool-2024_03_19_02_54_44.txt,1
log-package1-2024_03_19_04_23_19.txt,1
log-AlarmOutputs-2024_03_18_21_49_38.txt,0
log-HttpServletResponse-2024_03_19_03_31_37.txt,0
log-NullPointerException3-2024_03_19_04_18_02.txt,0
log-StaticCharMethods06-2024_03_19_04_55_18.txt,1
log-exceptions7-2024_03_19_02_07_41.txt,0
log-TokenTest01-2024_03_19_11_18_53.txt,0
log-TestLazy-2024_03_19_11_18_07.txt,0
log-boundcheck100-2024_03_18_23_57_23.txt,0
log-ExSymExe20-2024_03_19_02_35_01.txt,0
log-StringCompare04-2024_03_19_05_16_32.txt,0
log-double2long-2024_03_19_01_45_00.txt,0
