arrayread1,=0/5
catch1,=4/5
astore_aload1,=0/5
instanceof8,=0/3
assert5,=0/5
assert3,=0/5
fcmpx_dcmpx1,=3/3
ArithmeticException6,=4/5
ArrayWhatNot,=0/5
ExSymExeResearch,=0/3
ArrayIndexOutOfBoundsException3,=5/5
Inheritance1,=0/3
ExSymExe4,=0/3
ExSymExeTestClassFields,=0/3
HttpServletResponse,=0/3
exceptions15,=0/3
CharSequenceBug,=0/5
charArray,=0/5
exceptions18,=0/3
ExSymExe26,=0/3
RegexMatches02,=0/3
ExSymExe3,=0/3
ClassCastException3,=0/5
exceptions9,=0/3
ClassCastException2,=5/5
exceptions3,=0/3
Hanoi,=0/3
Mccarthy91,=0/3
if_icmp1,=0/3
array_iteration01,=0/5
shifting3,=0/3
instanceof2,=1/3
HttpServletRequest,=0/3
ArithmeticException1,=5/5
ExSymExeLongBytecodes,=1/3
ExSymExe,=0/3
Addition,=5/5
Primes,=0/3
assert1,=0/5
ExSymExe19,=0/3
MultCommutative,=1/3
athrow1,=3/5
java_append_char,=1/3
ExSymExe21,=1/3
boolean2,=1/5
aastore_aaload1,=0/6
lazyloading4,=0/3
return1,=0/3
ArrayIndexOutOfBoundsException1,=4/5
long1,=0/3
bitwise1,=1/5
char1,=2/5
instanceof4,=3/3
ExSymExeSwitch,=0/3
Environment,=0/3
InsertionSort,=0/3
Cookie,=0/3
ExSymExe15,=0/3
overloading1,=0/3
boundcheck200,=1/5
assert2,=0/5
ClassCastException1,=0/5
ExSymExe10,=0/3
BinaryTree,=0/5
instanceof3,=0/3
putstatic_getstatic1,=0/3
ExSymExeGetStatic,=0/3
arraylength1,=0/5
ExSymExe9,=0/3
ExSymExeTestAssignments,=0/3
instanceof1,=3/3
ExSymExeF2I,=1/3
ExSymExe7,=0/3
instanceof6,=0/3
addition01,=0/5
constructor1,=0/3
BugTestGen095,=0/5
double2long,=0/3
MergeSortIterative,=0/3
Ackermann,=0/5
AlarmOutputs,=0/5
boolean1,=4/5
ExSymExe1,=0/3
SortedListInsert,=0/3
iarith2,=0/3
BufferedReaderReadLine,=0/2
Connection,=0/3
CharSequenceToString,=0/5
BellmanFord,=0/5
boundcheck100,=1/5
enum1,=1/3
exceptions8,=0/3
basic1,=2/5
shifting2,=0/3
if_acmp1,=0/3
exceptions14,=0/3
ExSymExe16,=0/3
exceptions10,=0/3
putfield_getfield1,=1/3
ExSymExe27,=0/3
exceptions6,=0/3
ExSymExe28,=0/3
ExSymExe17,=0/3
exceptions13,=0/3
OverapproximationString01,=0/3
if_expr1,=2/3
calc,=0/5
exceptions12,=0/3
ExSymExeD2L,=0/3
ExSymExe8,=0/3
Class_method1,=4/5
exceptions5,=2/3
RegexMatches01,=0/3
package1,=3/3
recursion2,=0/3
ExSymExeFNEG,=0/3
ExSymExe2,=0/3
instanceof5,=2/3
shifting,=0/3
list1,=0/3
ExGenSymExe,=0/3
assert6,=0/5
cast1,=0/5
Array2,=0/5
NullPointerException2,=0/3
StaticCharMethods03,=3/3
StringConstructors01,=0/3
StringValueOf10,=0/3
StringConcatenation04,=1/3
StaticCharMethods05,=0/3
StringBuilderChars04,=0/3
StringConcatenation03,=0/3
StringValueOf06,=3/3
StringValueOf05,=3/3
StringConstructors04,=0/3
StringIndexMethods04,=0/3
StringValueOf09,=0/3
StringMiscellaneous03,=0/3
SubString03,=3/3
URLDecoder02,=0/3
StringConcatenation01,=0/3
TokenTest01,=0/3
Trie,=0/3
StripLeadingHyphens,=0/3
TokenTest02,=0/3
StringContains02,=0/3
StaticCharMethods06,=2/3
StringStartEnd01,=0/3
StringContains01,=0/3
StringStartEnd03,=0/3
StringCompare01,=0/3
StringBuilderCapLen02,=1/3
StringBuilderAppend02,=0/3
StringBuilderChars03,=0/3
store_load1,=3/3
StringCompare05,=1/3
StringValueOf01,=0/3
StringBuilderCapLen01,=0/3
virtual_function_unwinding,=0/3
StringValueOf08,=2/3
StringBuilderChars06,=0/3
StringBuilderCapLen04,=0/3
StringConcatenation02,=0/3
StringValueOf07,=1/3
StringBuilderAppend01,=0/3
StringIndexMethods05,=0/3
StringMiscellaneous02,=3/3
StringValueOf04,=3/3
StringMiscellaneous04,=0/3
StringValueOf03,=0/3
swap1,=0/3
StringStartEnd02,=0/3
StringMiscellaneous01,=0/3
StringIndexMethods02,=3/3
StringBuilderChars05,=0/3
StringConstructors02,=1/3
StringCompare03,=3/3
StringBuilderCapLen03,=0/3
interface1,=0/3
const1,=2/3
ExSymExe20,=0/3
HttpSession,=0/3
ExDarko,=0/3
exceptions1,=0/3
ExSymExe14,=0/3
IO,=0/3
exceptions2,=0/3
NegativeArraySizeException1,=2/3
ExSymExe18,=0/3
Verifier,=0/3
ExSymExeI2D,=0/3
ArrayIndexOutOfBoundsException2,=3/5
StringConstructors05,=0/3
ExSymExe13,=0/3
Float,=3/3
NullPointerException3,=0/3
StringBuilderChars01,=0/3
ExSymExeI2F,=0/4
StaticCharMethods04,=3/3
exceptions4,=0/3
StripLeadingAndTrailingQuotes,=0/3
classtest1,=2/3
StringIndexMethods01,=0/3
Divs32,=1/3
exceptions11,=0/3
ExSymExeBool,=2/3
list2,=0/3
lookupswitch1,=0/3
ifxx1,=2/3
NullPointerException4,=0/3
StringBuilderChars02,=0/3
exceptions16,=0/3
instanceof7,=2/3
StringIndexMethods03,=0/3
DriverManager,=0/3
uninitialised1,=0/3
ExSymExeF2L,=1/3
Statement,=1/6
ValidateInput01,=3/3
iarith1,=0/3
InfiniteLoop,=1/3
ExSymExe6,=0/3
URLDecoder01,=0/3
ExLazy,=0/3
Fibonacci,=0/3
ExSymExe29,=0/3
NullPointerException1,=0/3
assert4,=5/5
tableswitch1,=0/3
StaticCharMethods02,=1/3
ArithmeticException5,=4/5
boundcheck30,=1/5
ExMIT,=1/3
radians,=0/3
StringConstructors03,=0/3
BugTestGen1192,=0/1
WBS,=0/3
ExSymExeD2I,=0/3
ExSymExeSimple,=1/3
ExSymExe25,=0/3
return2,=0/3
startswith,=0/3
ExSymExe11,=1/3
StringValueOf02,=3/3
EvenOdd,=0/3
MinePump,=0/3
ExSymExe5,=0/3
StringCompare02,=3/3
ExSymExe12,=0/3
NegativeArraySizeException2,=3/3
TspSolver,=0/3
ExException,=0/3
BugTestGen119,=0/5
ExSymExeArrays,=0/3
StaticCharMethods01,=0/3
ExSymExeLCMP,=1/3
ExSymExeComplexMath,=0/3
StringCompare04,=0/3
GCD,=0/3
ExSymExeSuzette,=0/3
multinewarray,=0/3
TestLazy,=0/3
exceptions7,=0/3
SubString01,=0/3
SubString02,=0/1
