log-StringIndexMethods05-2024_03_17_04_39_21.txt,0
log-StringBuilderAppend01-2024_03_15_20_16_36.txt,0
log-StringIndexMethods01-2024_03_17_00_20_18.txt,0
log-TokenTest01-2024_03_17_22_53_15.txt,0
log-HttpSession-2024_03_13_06_13_56.txt,0
log-StringBuilderChars05-2024_03_16_06_26_28.txt,0
log-OverapproximationString01-2024_03_14_22_58_21.txt,0
log-athrow1-2024_03_08_19_20_18.txt,1
log-ExSymExeD2L-2024_03_12_14_29_32.txt,0
log-SubString03-2024_03_17_21_30_38.txt,1
log-StringValueOf07-2024_03_17_12_58_47.txt,1
log-tableswitch1-2024_03_17_21_54_26.txt,1
log-enum1-2024_03_09_19_39_38.txt,1
log-Statement-2024_03_15_15_36_31.txt,0
log-shifting-2024_03_15_06_14_42.txt,0
log-swap1-2024_03_17_21_32_30.txt,1
log-Statement-2024_03_15_15_50_01.txt,1
log-char1-2024_03_09_06_27_23.txt,0
log-astore_aload1-2024_03_08_18_09_46.txt,0
log-BugTestGen1192-2024_03_09_04_35_59.txt,1
log-ExSymExeComplexMath-2024_03_12_07_04_56.txt,0
log-BinaryTree-2024_03_08_19_48_26.txt,0
log-StringBuilderCapLen01-2024_03_15_23_44_00.txt,0
log-StaticCharMethods05-2024_03_15_17_57_04.txt,0
log-ifxx1-2024_03_13_10_13_58.txt,1
log-overloading1-2024_03_15_00_56_32.txt,1
log-ExSymExeF2L-2024_03_12_16_09_09.txt,0
log-Verifier-2024_03_18_02_37_11.txt,0
log-virtual_function_unwinding-2024_03_18_03_13_23.txt,0
log-Class_method1-2024_03_09_14_01_03.txt,1
log-StringConstructors03-2024_03_16_20_44_29.txt,0
log-StringValueOf07-2024_03_17_12_59_16.txt,0
log-ArrayIndexOutOfBoundsException3-2024_03_08_05_21_25.txt,1
log-cast1-2024_03_09_05_59_20.txt,0
log-shifting3-2024_03_15_14_41_15.txt,1
log-ExSymExeResearch-2024_03_12_21_29_33.txt,0
log-StringIndexMethods04-2024_03_17_03_22_31.txt,0
log-exceptions1-2024_03_10_02_30_32.txt,0
log-Trie-2024_03_17_23_39_43.txt,0
log-Array2-2024_03_08_04_38_29.txt,1
log-ArithmeticException1-2024_03_08_04_05_32.txt,1
log-instanceof8-2024_03_13_20_35_25.txt,1
log-NegativeArraySizeException1-2024_03_14_17_22_41.txt,0
log-MultCommutative-2024_03_14_16_16_03.txt,1
log-StringValueOf01-2024_03_17_11_00_37.txt,0
log-NullPointerException4-2024_03_14_22_12_08.txt,0
log-BugTestGen1192-2024_03_09_04_19_38.txt,0
log-Trie-2024_03_17_23_47_31.txt,0
log-StringBuilderChars02-2024_03_16_04_14_56.txt,0
log-SubString01-2024_03_17_19_52_05.txt,1
log-ExGenSymExe-2024_03_10_15_41_47.txt,0
log-ExSymExeLongBytecodes-2024_03_12_20_44_48.txt,0
log-StringCompare03-2024_03_16_12_57_15.txt,1
log-ExSymExe12-2024_03_11_02_29_38.txt,1
log-instanceof8-2024_03_13_19_43_38.txt,0
log-putstatic_getstatic1-2024_03_15_02_45_48.txt,0
log-ExSymExeArrays-2024_03_12_04_48_42.txt,0
log-NegativeArraySizeException1-2024_03_14_17_38_54.txt,1
log-assert2-2024_03_08_15_13_34.txt,0
log-array_iteration01-2024_03_08_05_22_20.txt,0
log-charArray-2024_03_09_07_29_26.txt,0
log-boundcheck100-2024_03_08_23_17_10.txt,1
log-BufferedReaderReadLine-2024_03_09_01_37_31.txt,0
log-ExSymExe28-2024_03_12_03_49_12.txt,0
log-exceptions13-2024_03_10_04_59_40.txt,1
log-ArithmeticException6-2024_03_08_04_09_33.txt,1
log-ExSymExe20-2024_03_11_23_48_47.txt,0
log-ExSymExe27-2024_03_12_02_59_19.txt,0
log-exceptions14-2024_03_10_05_13_04.txt,1
log-Hanoi-2024_03_13_01_46_55.txt,0
log-ExSymExe-2024_03_10_19_18_00.txt,0
log-StringBuilderCapLen02-2024_03_16_01_07_48.txt,0
log-ArrayIndexOutOfBoundsException3-2024_03_08_05_20_31.txt,1
log-double2long-2024_03_09_19_16_40.txt,0
log-StringMiscellaneous03-2024_03_17_05_49_08.txt,0
log-classtest1-2024_03_09_14_02_49.txt,1
log-StringContains01-2024_03_16_23_24_50.txt,0
log-StringValueOf01-2024_03_17_10_47_09.txt,1
log-arrayread1-2024_03_08_13_21_31.txt,1
log-StringConcatenation04-2024_03_16_19_23_05.txt,1
log-StringContains02-2024_03_17_00_04_55.txt,0
log-WBS-2024_03_18_03_21_47.txt,0
log-ArrayIndexOutOfBoundsException2-2024_03_08_05_17_44.txt,1
log-aastore_aaload1-2024_03_08_00_34_48.txt,0
log-StringValueOf06-2024_03_17_12_42_56.txt,0
log-instanceof4-2024_03_13_18_53_18.txt,1
log-virtual_function_unwinding-2024_03_18_02_58_22.txt,0
log-StringConcatenation02-2024_03_16_17_16_35.txt,0
log-catch1-2024_03_09_06_15_04.txt,1
log-StringValueOf02-2024_03_17_11_18_59.txt,1
log-Hanoi-2024_03_13_01_40_50.txt,0
log-exceptions15-2024_03_10_05_19_31.txt,1
log-lazyloading4-2024_03_14_00_36_40.txt,0
log-RegexMatches01-2024_03_15_03_41_37.txt,0
log-SubString02-2024_03_17_21_11_49.txt,0
log-exceptions10-2024_03_10_03_07_00.txt,1
log-StringBuilderCapLen04-2024_03_16_03_13_43.txt,0
log-StringStartEnd02-2024_03_17_09_31_22.txt,0
log-iarith1-2024_03_13_07_07_16.txt,1
log-TestLazy-2024_03_17_22_16_43.txt,0
log-ExSymExeI2F-2024_03_12_19_32_16.txt,0
log-RegexMatches02-2024_03_15_05_17_46.txt,0
log-Addition-2024_03_08_03_33_16.txt,0
log-boolean2-2024_03_08_20_34_13.txt,1
log-boolean2-2024_03_08_20_35_54.txt,0
log-shifting-2024_03_15_09_27_13.txt,1
log-Ackermann-2024_03_08_00_45_15.txt,1
log-CharSequenceBug-2024_03_09_08_35_40.txt,0
log-ExLazy-2024_03_10_16_01_33.txt,0
log-StringBuilderChars02-2024_03_16_04_12_53.txt,0
log-StringCompare05-2024_03_16_14_22_18.txt,1
log-Mccarthy91-2024_03_14_03_31_17.txt,0
log-Array2-2024_03_08_04_40_39.txt,0
log-shifting-2024_03_15_06_13_48.txt,1
log-StringValueOf03-2024_03_17_11_58_38.txt,0
log-putstatic_getstatic1-2024_03_15_02_36_28.txt,0
log-assert2-2024_03_08_14_04_57.txt,0
log-lookupswitch1-2024_03_14_03_01_56.txt,1
log-MinePump-2024_03_14_16_07_39.txt,0
log-putstatic_getstatic1-2024_03_15_02_50_47.txt,0
log-StringBuilderCapLen04-2024_03_16_02_57_57.txt,0
log-Primes-2024_03_15_01_37_45.txt,0
log-assert4-2024_03_08_15_44_00.txt,1
log-StringMiscellaneous01-2024_03_17_05_22_42.txt,0
log-assert2-2024_03_08_14_14_21.txt,0
log-boundcheck200-2024_03_08_23_39_24.txt,1
log-AlarmOutputs-2024_03_08_03_53_22.txt,1
log-StaticCharMethods01-2024_03_15_16_04_52.txt,0
log-ExSymExeF2I-2024_03_12_15_06_39.txt,0
log-ExSymExe25-2024_03_12_01_40_16.txt,0
